{
  "build": {
    "beforeDevCommand": "npm run dev",
    "beforeBuildCommand": "npm run build",
    "devPath": "http://localhost:1420",
    "distDir": "../dist"
  },
  "package": {
    "productName": "Goal Tracker",
    "version": "0.1.0"
  },
  "tauri": {
    "allowlist": {
      "all": false,
      "shell": {
        "all": false,
        "open": true
      },
      "notification": {
        "all": true
      }
    },
    "bundle": {
      "active": true,
      "targets": "all",
      "identifier": "com.goaltracker.dev",
      "icon": [
        "icons/32x32.png",
        "icons/128x128.png",
        "icons/128x128@2x.png",
        "icons/icon.icns",
        "icons/icon.ico"
      ]
    },
    "security": {
      "csp": null
    },
    "windows": [
      {
        "fullscreen": false,
        "resizable": true,
        "title": "Goal Tracker",
        "width": 1000,
        "height": 800,
        "minWidth": 800,
        "minHeight": 600
      }
    ]
  }
}